肽序列,潜在的生物活性值（>0.8),不同蛋白酶解物
FFMPGF,0.995282,胃、碱蛋白酶
DFPFW,0.994705,胃蛋白酶
SFGWF,0.994678,胃蛋白酶
FMPGF,0.993507,胃蛋白酶
FYLFF,0.992566,胃蛋白酶
MDFPFW,0.992227,胃蛋白酶
FDFGF,0.991042,胃、碱蛋白酶
WHMDFPFWWK,0.990536,木瓜蛋白酶
FFMPG,0.990198,碱、风味蛋白酶
HFFMPGF,0.989891,胃蛋白酶
WFSLF,0.989269,碱蛋白酶
WHMDFPF,0.987268,碱、木瓜、风味蛋白酶
WPPPP,0.986991,风味蛋白酶
PGLFF,0.986928,碱蛋白酶
LSFGWF,0.986204,胃蛋白酶
WPPPPPP,0.9862,风味蛋白酶
GGYFF,0.98599,胃蛋白酶
HMDFPFW,0.985899,胃蛋白酶
PFWWDG,0.985382,胃蛋白酶
SFFNF,0.98527,碱蛋白酶
KPPFF,0.985133,风味蛋白酶
MDFPF,0.985114,碱、木瓜、风味蛋白酶
FPGAF,0.984862,胃、风味蛋白酶
FAPLF,0.984662,胃蛋白酶
GMDFW,0.983496,碱蛋白酶
QPPGWFP,0.982881,风味蛋白酶
HMDFPFWWK,0.982739,木瓜蛋白酶
RPMGFPF,0.982464,风味蛋白酶
PGPPPF,0.981392,风味蛋白酶
WGPQF,0.980922,胃蛋白酶
GFLLF,0.980791,胃蛋白酶
FIFPL,0.980563,碱蛋白酶
NWYPF,0.980456,木瓜蛋白酶
VPFPRLHFFMPGF,0.97972,胃蛋白酶
WFDWK,0.979571,木瓜蛋白酶
AASWWF,0.979515,胃蛋白酶
FKPWL,0.979476,胃蛋白酶
HWFSLF,0.97887,胰、木瓜蛋白酶
IPDWF,0.976813,风味蛋白酶
SFLFP,0.976692,风味蛋白酶
DPAFF,0.976041,木瓜、风味蛋白酶
DPIFF,0.975036,风味蛋白酶
FAPIF,0.974064,胃蛋白酶
LFGGF,0.973862,胃、碱蛋白酶
SFIFPL,0.973586,碱蛋白酶
IPWNFPL,0.97259,风味蛋白酶
FFDTF,0.972276,胃、碱、木瓜、风味蛋白酶
FIPIF,0.971921,胃、碱、风味蛋白酶
FPFWWDGAK,0.971725,木瓜蛋白酶
PSFFRL,0.971678,胃、碱蛋白酶
PAFFRL,0.971257,胃蛋白酶
YDFGF,0.970904,胃蛋白酶
DPSFF,0.970251,碱、木瓜、风味蛋白酶
GFILF,0.969939,胃蛋白酶
IFGGF,0.969783,胃、碱蛋白酶
FLPAFL,0.969183,胃蛋白酶
YWFDWK,0.968534,木瓜蛋白酶
YRFGF,0.96842,胃蛋白酶
IPWNF,0.968278,风味蛋白酶
GELFFW,0.968173,碱蛋白酶
AIAPFF,0.967976,胃蛋白酶
HMDFPF,0.967224,胃、碱、木瓜、风味蛋白酶
GFLIF,0.967167,胃蛋白酶
LFAPLF,0.966569,胃蛋白酶
FHMDF,0.966246,胃蛋白酶
HFWGLR,0.966123,木瓜蛋白酶
PFWWKD,0.965752,胃蛋白酶
FFWVH,0.965693,碱、木瓜蛋白酶
FPAAF,0.965142,风味蛋白酶
GPLFP,0.964437,风味蛋白酶
AFSAFPGAF,0.964302,木瓜蛋白酶
PSFFR,0.964142,木瓜、风味蛋白酶
QGMDFW,0.963983,碱蛋白酶
FSPDF,0.963866,风味蛋白酶
FMPGFA,0.96305,胃蛋白酶
SFIFP,0.963049,风味蛋白酶
DKPWF,0.962546,风味蛋白酶
FSAFPGAF,0.961951,胃、风味蛋白酶
QFPDF,0.961472,胃蛋白酶
PYGGF,0.96065,胃蛋白酶
PFEWLFGR,0.960535,木瓜蛋白酶
PFPRLHF,0.960215,胃蛋白酶
MPPPP,0.959959,风味蛋白酶
LSFGW,0.9594,胃蛋白酶
WSMPL,0.959055,碱蛋白酶
ISGWLF,0.958865,胃蛋白酶
GYYGPF,0.958524,胃蛋白酶
DPAFFR,0.957101,木瓜、风味蛋白酶
LHFFMPG,0.95709,木瓜蛋白酶
FIDNIFRF,0.956105,胃蛋白酶
DHFLF,0.955997,碱蛋白酶
FPRLHF,0.95571,胃蛋白酶
RFYAF,0.955196,胃蛋白酶
QMPLF,0.954895,胃蛋白酶
HDIQFFPF,0.954619,木瓜蛋白酶
DPSFFR,0.954568,木瓜、风味蛋白酶
GFLIFR,0.954468,木瓜蛋白酶
GSSFFP,0.954346,风味蛋白酶
IPKWF,0.954334,风味蛋白酶
GDWLWPA,0.954331,木瓜蛋白酶
FPHPIPDF,0.954077,胃、木瓜、风味蛋白酶
WWIGPN,0.953855,碱蛋白酶
QHHWFSLF,0.953731,木瓜、风味蛋白酶
NWIFG,0.952612,木瓜蛋白酶
GFIIF,0.952359,胃蛋白酶
PPPNYF,0.952345,胃蛋白酶
WHMDFPFWWDGAK,0.952154,木瓜蛋白酶
LLPPF,0.951356,胃蛋白酶
FSAFP,0.950942,风味蛋白酶
FAPSF,0.950442,胃蛋白酶
LGGPF,0.950385,风味蛋白酶
FLILF,0.950372,胃蛋白酶
FPHPIPQF,0.949989,胃、风味蛋白酶
FQPSFLGM,0.949795,胃蛋白酶
AWRPPL,0.949592,碱蛋白酶
FGIPPL,0.949184,胃蛋白酶
FDYAF,0.948985,碱蛋白酶
RDPAFF,0.948819,碱蛋白酶
FQPSF,0.948406,胃、风味蛋白酶
QAHFGLF,0.948322,胃蛋白酶
FPGIP,0.948275,木瓜、风味蛋白酶
IDWFR,0.948261,木瓜蛋白酶
FGQIF,0.947473,风味蛋白酶
FPQFA,0.946945,木瓜蛋白酶
FPSFI,0.946839,风味蛋白酶
LGWTF,0.946047,胃蛋白酶
RDPSFFRL,0.946045,风味蛋白酶
FGIPPLL,0.945971,胃蛋白酶
MDFPFWWDGAK,0.945861,木瓜蛋白酶
GIPGFP,0.94582,风味蛋白酶
IPGFP,0.945329,风味蛋白酶
FLGPL,0.945203,碱、木瓜蛋白酶
FLKPYF,0.944765,胃蛋白酶
FFEDF,0.944611,胃、碱蛋白酶
FDFGFV,0.944484,碱蛋白酶
PFWWDGAK,0.944255,胃蛋白酶
FNFGY,0.944196,胃蛋白酶
AFGIPPLL,0.944124,胃、木瓜蛋白酶
FQTMW,0.943872,胃蛋白酶
FNMPPG,0.943238,风味蛋白酶
LPAPF,0.942874,胃蛋白酶
SAFPGAF,0.94284,胃、木瓜蛋白酶
FQPSFL,0.942559,胃、碱、木瓜蛋白酶
HWFSLFN,0.942385,木瓜蛋白酶
PLGRF,0.941352,胃蛋白酶
AFRIF,0.940799,风味蛋白酶
KGELFFW,0.940685,胰蛋白酶
GAPPPPP,0.940215,风味蛋白酶
FFRLH,0.939442,碱蛋白酶
AFGIPPL,0.939409,木瓜蛋白酶
VFDMF,0.939139,胃、碱蛋白酶
DDHFLF,0.938696,风味蛋白酶
LAPPYF,0.938649,木瓜蛋白酶
LLPFL,0.938477,胃蛋白酶
AYSLFAPLF,0.938119,胃蛋白酶
FFDPVM,0.938036,木瓜蛋白酶
DPSFFRLH,0.937932,木瓜、风味蛋白酶
AFLAF,0.937124,胰蛋白酶
GFPFDRPIP,0.937039,风味蛋白酶
QHHWF,0.936847,风味蛋白酶
AFSAFPGAFK,0.936705,木瓜蛋白酶
PAFLPM,0.936064,木瓜蛋白酶
RDPSFF,0.935645,碱、木瓜、风味蛋白酶
FSYAGF,0.93472,胃蛋白酶
LVFPF,0.934615,胃、风味蛋白酶
FFMPGFAPL,0.934544,木瓜蛋白酶
FDAFLDF,0.934311,碱蛋白酶
FPALP,0.933895,风味蛋白酶
FPHPIP,0.933891,风味蛋白酶
PQVFF,0.933734,胃蛋白酶
WWDGA,0.933272,碱蛋白酶
AFLDF,0.933074,胃蛋白酶
GWIDGDMFR,0.932075,胰蛋白酶
NWLIPLML,0.932049,胃蛋白酶
FSAFPG,0.931895,风味蛋白酶
IPGSPFRL,0.931495,风味蛋白酶
FPFDRPIP,0.931215,风味蛋白酶
PALPF,0.931185,风味蛋白酶
GFLTF,0.930484,碱蛋白酶
FDRDWL,0.930353,胃蛋白酶
GFIQF,0.930201,碱蛋白酶
FPHPIPDFVL,0.930126,风味蛋白酶
PSFFRLH,0.929452,木瓜蛋白酶
FFNGRPLPFKNRF,0.929388,胃蛋白酶
FSIAWL,0.928695,胃蛋白酶
GPQFLP,0.928621,木瓜蛋白酶
GGGGFP,0.928412,风味蛋白酶
GPPGLP,0.928107,风味蛋白酶
GFLVF,0.928042,木瓜蛋白酶
HWFSL,0.928026,碱、木瓜蛋白酶
LFGPL,0.928018,胃、木瓜、风味蛋白酶
YLLPFL,0.926269,胃蛋白酶
GSPFKFH,0.926128,风味蛋白酶
RDPAFFR,0.926082,木瓜、风味蛋白酶
WFFNGRPLP,0.926053,木瓜蛋白酶
LPPPP,0.925345,风味蛋白酶
AAFRIFL,0.925033,胃蛋白酶
LGGFP,0.924523,木瓜、风味蛋白酶
YPQFLLM,0.924351,胃蛋白酶
FPHPIPQFVL,0.924272,风味蛋白酶
IPDWFLNR,0.924168,木瓜蛋白酶
FLLFI,0.923662,胃蛋白酶
GFPFDRPIPDLR,0.923285,胃、碱、木瓜、风味蛋白酶
MPGFAPL,0.922884,碱、木瓜蛋白酶
KGFFG,0.922535,胃蛋白酶
AFDAF,0.922491,碱蛋白酶
FQKYAPLGRF,0.922235,胃蛋白酶
FMPGFAPL,0.922026,胃、木瓜蛋白酶
GFGFVAF,0.922014,胰蛋白酶
GFPFDRPIPDL,0.921157,胃、碱、木瓜蛋白酶
FQPSFLG,0.92109,胃、木瓜蛋白酶
SPSFSFG,0.921018,风味蛋白酶
RDPSFFR,0.919614,碱、木瓜、风味蛋白酶
TPIFF,0.919509,风味蛋白酶
LGLPF,0.919352,胃、碱、木瓜蛋白酶
GPSDPF,0.919263,碱蛋白酶
SPFKFH,0.919015,风味蛋白酶
FPNLP,0.918944,风味蛋白酶
PIPDF,0.918862,胃蛋白酶
FLSQPF,0.918609,木瓜蛋白酶
VPFPRLHF,0.918444,胃、风味蛋白酶
GGPPP,0.918422,风味蛋白酶
PILFP,0.918148,风味蛋白酶
GFIPYEPFL,0.918085,胃蛋白酶
FQQYAPLGRF,0.91803,胃蛋白酶
APGPINF,0.917894,风味蛋白酶
PGPPGL,0.917699,木瓜蛋白酶
QFDAFL,0.917623,胃蛋白酶
YKIPDWF,0.917557,胃蛋白酶
FPHPIPDFV,0.917317,木瓜、风味蛋白酶
ALPDFPIL,0.917013,碱蛋白酶
HMDFPFWWDGAK,0.916721,木瓜蛋白酶
EFIWMIPRPL,0.915923,胃、木瓜蛋白酶
GYPFN,0.915784,碱、木瓜、风味蛋白酶
APFNNW,0.915768,风味蛋白酶
GFPFDRPIPDLRVF,0.915566,碱、风味蛋白酶
PPVFTIPF,0.915516,胃蛋白酶
PSFLGM,0.915143,风味蛋白酶
YPKPFFVRP,0.914339,风味蛋白酶
KNFGF,0.914259,胃蛋白酶
YAPLGRF,0.913845,胃蛋白酶
DFWLD,0.913431,碱蛋白酶
GMDFWLD,0.912841,碱蛋白酶
FIPYEPFL,0.912712,胃蛋白酶
PFWWKDSYGYHL,0.91271,胃蛋白酶
NTPIFF,0.912385,碱蛋白酶
IQWNF,0.912091,胃蛋白酶
YLFGPL,0.91201,木瓜蛋白酶
AAFRIF,0.911941,碱、木瓜、风味蛋白酶
LPLWPY,0.911569,胰蛋白酶
FSIYDF,0.911389,胃蛋白酶
FFDDSF,0.910985,风味蛋白酶
VASFIFPL,0.910393,碱蛋白酶
AFLDFWNAR,0.910374,胰蛋白酶
GPPYL,0.910024,胃蛋白酶
FPFDRPIPDLR,0.909199,木瓜、风味蛋白酶
FPHPIPQFV,0.909112,木瓜蛋白酶
KPDSFF,0.90864,胃蛋白酶
IPPPP,0.908325,风味蛋白酶
AFGIPPLLANIGRR,0.908267,木瓜蛋白酶
QHHWFSLFN,0.9081,木瓜蛋白酶
FPFDRPIPDLRVF,0.907216,木瓜蛋白酶
LPFLG,0.906767,风味蛋白酶
NWINW,0.906763,胃蛋白酶
YPFNP,0.90671,风味蛋白酶
WIGYSF,0.906329,胃蛋白酶
SPFQFT,0.90596,木瓜蛋白酶
FPANTRPF,0.905952,风味蛋白酶
DGWIDGDMFR,0.905896,胰蛋白酶
GNNTPIFF,0.905848,碱、风味蛋白酶
EQHHWFSLF,0.905675,胃、风味蛋白酶
SYFHPL,0.904925,碱蛋白酶
IDNIFRF,0.904574,胃蛋白酶
PHPIPDF,0.904567,胃蛋白酶
FLPMPT,0.904405,碱、木瓜蛋白酶
PSADAPMF,0.904199,胃蛋白酶
VTWFNPKF,0.903497,胃蛋白酶
FAPLFD,0.90284,胃、木瓜蛋白酶
FDAFLDFMTR,0.902732,木瓜蛋白酶
GELFF,0.902714,碱蛋白酶
FLFDGR,0.902619,木瓜蛋白酶
QPSFLGM,0.902394,风味蛋白酶
FIPIFA,0.901273,胃蛋白酶
WFFNGEPL,0.901158,碱蛋白酶
PAFLP,0.900921,木瓜、风味蛋白酶
MVPFPRLHF,0.900885,胃蛋白酶
VPFPRL,0.90068,胃蛋白酶
LPIQALMLLML,0.900679,胃蛋白酶
FDYLPL,0.900248,碱蛋白酶
FIIIF,0.900151,胃蛋白酶
MVPFPRL,0.899941,胃蛋白酶
FLPMPTL,0.899803,胃、碱蛋白酶
GEPPPEIWWTLK,0.899644,木瓜蛋白酶
YPGTF,0.899609,风味蛋白酶
WRFITPLL,0.899518,胃蛋白酶
FPFDRPIPDL,0.899441,木瓜、风味蛋白酶
DPVLFPSF,0.899297,风味蛋白酶
GFIPYEPF,0.899279,胃、木瓜、风味蛋白酶
DFGFV,0.898967,碱蛋白酶
FGIPPLLANIGRRIDSFKL,0.898952,胃蛋白酶
PHPIPQF,0.898877,胃蛋白酶
GIHIPGSPFRL,0.898564,胃蛋白酶
PFWWDGAKI,0.898262,胃蛋白酶
IDDHFLF,0.898259,胃、碱蛋白酶
HFFMPGFAPL,0.898222,木瓜蛋白酶
FIPYEPF,0.897834,胃、木瓜、风味蛋白酶
TGPFP,0.897755,风味蛋白酶
WATDYFL,0.896198,胰蛋白酶
FPGVP,0.896146,风味蛋白酶
VPGFP,0.895918,风味蛋白酶
DSIWNF,0.895208,胃蛋白酶
INIFGGF,0.895127,胃蛋白酶
GPVIPRF,0.894626,风味蛋白酶
LHFFMPGFAPL,0.893805,木瓜蛋白酶
AFLPMPT,0.893019,风味蛋白酶
LIGGMF,0.892705,胃、碱蛋白酶
RDPSFFRLH,0.892649,碱、木瓜蛋白酶
AFPGAFK,0.89247,木瓜蛋白酶
SLDGLWNFR,0.892313,胰蛋白酶
RPPPYRP,0.892148,风味蛋白酶
DPSFFRLHK,0.892148,木瓜、风味蛋白酶
WFSLFNTR,0.892145,碱蛋白酶
HPIPDF,0.89172,风味蛋白酶
SFYLL,0.891651,碱蛋白酶
TFLGF,0.891586,碱蛋白酶
LSTFF,0.891572,风味蛋白酶
FDMPPGVM,0.891421,碱、木瓜蛋白酶
SLFAPL,0.891172,碱、木瓜蛋白酶
ILFPSF,0.891082,胃蛋白酶
EFIWMIPR,0.890464,木瓜蛋白酶
HMDFPFWWKDSYGYHL,0.890349,胃蛋白酶
WDHPIRDGF,0.890296,胃蛋白酶
EFIPIF,0.890118,胃、碱蛋白酶
FINFPI,0.889914,木瓜蛋白酶
FPTDLGLPF,0.88975,风味蛋白酶
GIPGSKGYFGLP,0.889682,风味蛋白酶
DKPGPPIGPL,0.889373,风味蛋白酶
EFYFY,0.889038,碱蛋白酶
IFAWPH,0.888872,胰蛋白酶
AARDAFF,0.888547,胃蛋白酶
KTYFDFGF,0.888531,胃蛋白酶
IAWAPPR,0.888368,木瓜蛋白酶
GPFPT,0.888121,木瓜、风味蛋白酶
DPIWY,0.887966,风味蛋白酶
LVLFF,0.887927,胃蛋白酶
PIPQF,0.887909,胃、风味蛋白酶
PPGGP,0.887847,风味蛋白酶
NVFDMF,0.887389,碱蛋白酶
LPGPP,0.887134,风味蛋白酶
IIFDF,0.886636,胃蛋白酶
FQRPVF,0.886526,胃蛋白酶
FEPPIPL,0.886477,胰蛋白酶
DPAFFRLHK,0.886395,木瓜蛋白酶
PNLFNIML,0.886309,木瓜蛋白酶
WGAILL,0.886222,木瓜蛋白酶
FPNLPYY,0.886172,风味蛋白酶
FFDPV,0.886002,木瓜蛋白酶
FLDFWNAR,0.885264,胰蛋白酶
GFNPPDL,0.885149,胃蛋白酶
LDTFW,0.885066,胃蛋白酶
SFGIP,0.884726,风味蛋白酶
FPGGAP,0.884716,风味蛋白酶
FLPSL,0.884606,胃蛋白酶
LFPLLR,0.884193,木瓜蛋白酶
DWPAIL,0.884107,碱蛋白酶
DLGLPF,0.883498,碱蛋白酶
GGSNVFDMF,0.88316,胰蛋白酶
QFKTFLGF,0.882679,胃蛋白酶
APSAPF,0.882411,胃蛋白酶
AFSAFPGA,0.88229,木瓜蛋白酶
MVPFPR,0.882056,碱、木瓜蛋白酶
PYEPFL,0.881984,胃蛋白酶
GPPGIP,0.88157,风味蛋白酶
FGPLK,0.881537,木瓜蛋白酶
FDPLIP,0.88146,碱蛋白酶
FSLFN,0.881414,胃、木瓜、风味蛋白酶
KPWALTF,0.881028,胰蛋白酶
SLPGGIF,0.880892,风味蛋白酶
FDRVF,0.8805,碱蛋白酶
FPNLPY,0.880353,风味蛋白酶
SAFPGAFK,0.880336,木瓜蛋白酶
FDYLP,0.880139,风味蛋白酶
GMEFALF,0.879477,木瓜蛋白酶
DFPNLP,0.87925,风味蛋白酶
GLSPF,0.879242,碱、风味蛋白酶
TFFDTF,0.879137,碱、木瓜、风味蛋白酶
FQPSFLGME,0.878998,胃、碱蛋白酶
APSADAPMF,0.878927,碱、风味蛋白酶
ISGWL,0.878872,胃蛋白酶
SGPFGQLFKPDNFVFGQ,0.878387,胰蛋白酶
IPFLG,0.877764,木瓜、风味蛋白酶
FPSFIH,0.877659,木瓜、风味蛋白酶
IEWFHNGMPL,0.877513,木瓜蛋白酶
AFGIPPLLA,0.877292,木瓜蛋白酶
SRPWWER,0.8771,木瓜蛋白酶
KYAPLGRF,0.876684,胃蛋白酶
SKIGINGFGRIGRL,0.876409,胃蛋白酶
PGLAF,0.876142,胃蛋白酶
FIPWVQRPIIF,0.876063,胃蛋白酶
TIFLF,0.875219,胃蛋白酶
FNTFFT,0.874762,碱、木瓜蛋白酶
FGGGGGFR,0.874584,胰蛋白酶
WIRRTLPWL,0.873936,胃蛋白酶
LGFLTF,0.873589,胰、木瓜蛋白酶
HWFSLFNTR,0.873575,木瓜蛋白酶
IPGSPF,0.873332,胃、碱、风味蛋白酶
TFNFTF,0.872839,碱蛋白酶
NMVPFPRL,0.872772,胃蛋白酶
HPFDPPGAPGAPRG,0.87254,风味蛋白酶
FLDTF,0.872379,胃蛋白酶
LFPILR,0.872291,木瓜蛋白酶
LPGLM,0.872235,胃蛋白酶
IPGSPFQFT,0.871979,风味蛋白酶
IPMLP,0.87194,风味蛋白酶
QKYAPLGRF,0.871911,胃蛋白酶
IHFPL,0.871862,碱蛋白酶
APEFPHPIPQFVL,0.87171,碱、风味蛋白酶
FNMPPGVM,0.87166,碱、木瓜蛋白酶
GLMGIPGF,0.871556,胃蛋白酶
GIPPLLANIGRR,0.871524,风味蛋白酶
YFPNSF,0.87149,木瓜蛋白酶
LVIFF,0.871311,胃蛋白酶
AFGIPPLLANIGR,0.870467,木瓜蛋白酶
FASFI,0.869824,木瓜蛋白酶
FMKGP,0.869595,风味蛋白酶
LEQHHWFSLF,0.869401,胃蛋白酶
FPSMGAP,0.868854,风味蛋白酶
NPFDPPSKPGKP,0.86873,风味蛋白酶
IMPPWVNF,0.868687,胃蛋白酶
FDITF,0.868642,胃蛋白酶
PEFPHPIPQFVL,0.868608,胃蛋白酶
VDMSPWPL,0.868368,碱蛋白酶
FHMDFT,0.867808,木瓜蛋白酶
SPQPSIEWFR,0.867681,木瓜蛋白酶
FQKLRF,0.867327,胃蛋白酶
GILGF,0.867055,胃蛋白酶
AFSIYDF,0.86693,胃蛋白酶
PYPRIHF,0.866711,胃蛋白酶
SGPFGQLFKPDNFVF,0.866612,胰蛋白酶
PPGAPGAPRG,0.866456,风味蛋白酶
FKIWYDGM,0.866088,木瓜蛋白酶
GEFPWQG,0.865942,风味蛋白酶
AGGELPFGR,0.86581,木瓜蛋白酶
PEFPHPIPQF,0.865579,胃蛋白酶
PVLFPSF,0.865347,胃蛋白酶
VFVPF,0.864862,碱蛋白酶
SLFAPLFD,0.864745,胃、木瓜蛋白酶
YPGFVP,0.864161,风味蛋白酶
GISPF,0.864021,碱、风味蛋白酶
WGAIL,0.86375,胃、碱、木瓜蛋白酶
NMVPFPRLHF,0.863608,胃蛋白酶
FSPFHIPA,0.863433,胃蛋白酶
QHHWFSL,0.863219,木瓜蛋白酶
FDPVM,0.863152,碱蛋白酶
WHKQLF,0.863113,胃蛋白酶
DAFLDF,0.86271,胃蛋白酶
IPINQWWLK,0.862287,木瓜蛋白酶
HPIPQF,0.862261,胃、风味蛋白酶
LHIPFPSW,0.862152,胃蛋白酶
EFPHPIPDF,0.861757,风味蛋白酶
PGISPF,0.861531,木瓜蛋白酶
GLDFP,0.861284,风味蛋白酶
AYSLFAPL,0.861284,胃蛋白酶
PEFPHPIPDF,0.861143,胃蛋白酶
DFPNLPY,0.860474,碱蛋白酶
SSYDIFFK,0.860461,木瓜蛋白酶
FGIPPLLA,0.860389,胃蛋白酶
PIYDF,0.860178,风味蛋白酶
SNFLP,0.860145,风味蛋白酶
RPDLPDGYGGW,0.86014,风味蛋白酶
EFPHPIPQF,0.86013,胃、风味蛋白酶
VTWHMDFPF,0.859587,风味蛋白酶
SFIYP,0.859038,风味蛋白酶
FNGRPLP,0.858955,风味蛋白酶
DAFLDFMT,0.858721,木瓜蛋白酶
SIFAWTR,0.858606,木瓜蛋白酶
FIAWT,0.858585,风味蛋白酶
YDFGFV,0.858357,碱蛋白酶
IGGIF,0.858323,胃蛋白酶
DAPGPINF,0.858104,胃蛋白酶
LFAPL,0.85804,碱蛋白酶
RPDPPRLP,0.857869,风味蛋白酶
TGPWG,0.857831,风味蛋白酶
VTYPKPFF,0.857817,胃蛋白酶
DYMSF,0.857757,碱蛋白酶
LDIPF,0.857564,碱蛋白酶
NGIHIPGSPFRL,0.857498,胃蛋白酶
FMPGFAPLT,0.857475,胃蛋白酶
LFQPSFL,0.857311,胃、碱、木瓜、风味蛋白酶
TRDPAFFRL,0.85724,碱蛋白酶
PEFPHPIPDFVL,0.857072,胃蛋白酶
ATRDPAFFRL,0.857028,胃蛋白酶
IHIPGSPFRL,0.856807,胃蛋白酶
AFLDFMTR,0.856667,胰、木瓜蛋白酶
IPPLL,0.856044,木瓜、风味蛋白酶
FIDNIF,0.855797,胃、碱蛋白酶
KGELFFWA,0.855529,木瓜蛋白酶
QFRAML,0.855295,胃蛋白酶
GFPFDRPIPDLRV,0.855157,木瓜蛋白酶
FRSSFNHF,0.854712,胃蛋白酶
LFQPSF,0.854539,胃蛋白酶
EQHHWFSLFN,0.854311,胃蛋白酶
RIPINQWWLK,0.854272,木瓜蛋白酶
LVPFL,0.854144,胃蛋白酶
PWSTKF,0.854038,胃蛋白酶
FDPLI,0.853726,碱蛋白酶
APEFPHPIPDFVL,0.85371,碱、风味蛋白酶
FVGLM,0.853665,木瓜蛋白酶
QPSFL,0.853585,碱、木瓜、风味蛋白酶
YWPVG,0.853112,木瓜蛋白酶
PFWWKDSY,0.852977,胃蛋白酶
SFPQL,0.852657,碱蛋白酶
GLPFTIHF,0.852611,胃蛋白酶
APGPINFTTL,0.85256,风味蛋白酶
VPLFL,0.852317,胃蛋白酶
PAAFP,0.852059,风味蛋白酶
GQIIPW,0.85201,碱蛋白酶
DDHFLFK,0.851815,胰、木瓜、风味蛋白酶
PLAPPP,0.851686,风味蛋白酶
YPGYP,0.851571,风味蛋白酶
GPDGGPL,0.851532,碱蛋白酶
FAHVPFPTL,0.851329,胃蛋白酶
FPGPVG,0.851313,风味蛋白酶
PFIAL,0.851197,胃、风味蛋白酶
IPRML,0.850919,胃蛋白酶
PFTIHF,0.850796,胃蛋白酶
EFPHPIPQFVL,0.850465,风味蛋白酶
FSAFPGA,0.850448,胃蛋白酶
FLGPA,0.850424,碱蛋白酶
WWDGAK,0.850092,碱蛋白酶
WISTFLG,0.849911,胃蛋白酶
HWFSLFNDR,0.849875,木瓜蛋白酶
APVFSFY,0.849791,风味蛋白酶
APEFPHPIPQF,0.848944,胃、碱、风味蛋白酶
MDNLF,0.848938,风味蛋白酶
IMHDPF,0.848877,风味蛋白酶
KDPYGPPGKPGIPDIVDW,0.848282,风味蛋白酶
KGLFP,0.848214,风味蛋白酶
LAGLF,0.847795,胃蛋白酶
NMVPFPR,0.847691,风味蛋白酶
APLNF,0.846701,风味蛋白酶
APLFDP,0.846298,风味蛋白酶
INRPGLF,0.846231,碱蛋白酶
GDIDGFL,0.845975,碱蛋白酶
FSPYSVW,0.845962,胃蛋白酶
FPLSRP,0.84565,风味蛋白酶
AGGELPFG,0.845585,木瓜蛋白酶
IWYHTFY,0.845121,木瓜蛋白酶
APGPINFT,0.845121,风味蛋白酶
PFDRPIPDLR,0.84462,胃、碱、木瓜蛋白酶
FDFKGP,0.844235,风味蛋白酶
SLFQPSFL,0.844215,碱蛋白酶
SGGGSNVFDMF,0.844075,胰蛋白酶
LLLFL,0.84393,胃蛋白酶
DHFLFK,0.843806,木瓜蛋白酶
ALLLF,0.843599,胃、风味蛋白酶
SIFAWT,0.843543,木瓜蛋白酶
KFDPDMGL,0.843499,碱蛋白酶
PVFSF,0.843061,胃蛋白酶
PLPAAFP,0.842847,风味蛋白酶
FPFDRPIPDLRVFK,0.842659,木瓜蛋白酶
FPGVPY,0.842586,风味蛋白酶
MGFPFDRPIPDLRVF,0.84235,风味蛋白酶
APLFDPI,0.842155,木瓜蛋白酶
FIDNIFR,0.842058,木瓜蛋白酶
YSLFAPL,0.841623,胃蛋白酶
HWFSLFNT,0.841567,木瓜蛋白酶
FIFPLS,0.841389,胃蛋白酶
DAFLDFMTR,0.840479,胰、碱、木瓜蛋白酶
DPFIAL,0.840339,碱、风味蛋白酶
PDGKF,0.840264,风味蛋白酶
SKIGINGFGRIGRLVL,0.840124,胃蛋白酶
FLINPLL,0.839993,碱蛋白酶
FSIFD,0.83997,风味蛋白酶
FPHPIPD,0.839778,风味蛋白酶
VFVPFG,0.839726,木瓜蛋白酶
DDFGFV,0.839504,碱蛋白酶
FSLGGL,0.839303,胃蛋白酶
WLPAPT,0.839074,碱蛋白酶
GDPPPVITW,0.838841,碱蛋白酶
FDKPGP,0.838507,风味蛋白酶
QINFPL,0.838502,碱蛋白酶
PIQALMLLM,0.838408,风味蛋白酶
NPFDPPSKPGKPK,0.838375,风味蛋白酶
TFFPN,0.838157,木瓜蛋白酶
QHHWFSLFNTR,0.838044,木瓜蛋白酶
PYEPF,0.837772,风味蛋白酶
MPPGVM,0.837737,木瓜、风味蛋白酶
IFGMN,0.836818,胃蛋白酶
FDRPIPDLRVF,0.836191,风味蛋白酶
LPWSTKF,0.835867,风味蛋白酶
LGGKSPFIIF,0.835855,胃蛋白酶
LLEQHHWFSLF,0.83454,木瓜蛋白酶
LIDDHFLF,0.83453,胰、碱、木瓜蛋白酶
QPSFLG,0.834405,风味蛋白酶
IPEPFP,0.8342,风味蛋白酶
GGPAGM,0.834052,风味蛋白酶
GFPGPVG,0.833936,风味蛋白酶
DPKLF,0.833935,风味蛋白酶
EGYPF,0.833713,碱蛋白酶
KPDNFVF,0.833655,风味蛋白酶
LHFFMPGFAP,0.833303,木瓜蛋白酶
FGPWEK,0.833191,木瓜蛋白酶
LHFFMPGFAPLT,0.832945,木瓜蛋白酶
INPAF,0.832477,木瓜蛋白酶
FFVPT,0.832255,碱蛋白酶
WATDYFLK,0.832227,胰蛋白酶
GPIGLP,0.832108,风味蛋白酶
RPMGFPFDRPIPDLR,0.831625,木瓜蛋白酶
IPYEPFL,0.831625,胃蛋白酶
DPDGKF,0.831468,风味蛋白酶
LPPLY,0.831064,木瓜、风味蛋白酶
FPFDRPIPDLRV,0.830936,木瓜蛋白酶
DPVLFP,0.830889,风味蛋白酶
EFKPW,0.830856,碱蛋白酶
QGDPHGKFDMPPGVM,0.830633,木瓜蛋白酶
FPVLL,0.830173,碱、风味蛋白酶
PEFPHPIPQFV,0.83005,胃蛋白酶
FSILP,0.829962,风味蛋白酶
LPAAFP,0.829875,风味蛋白酶
VDGPSAKDWRGGRG,0.829739,风味蛋白酶
APEFPHPIPDF,0.829595,风味蛋白酶
DRLGF,0.828946,风味蛋白酶
GFNPPDLDIM,0.828833,碱蛋白酶
HPFDPPGAPGAPR,0.828657,木瓜、风味蛋白酶
KGELFFWV,0.828476,木瓜蛋白酶
KDPWDEPGKIL,0.828055,碱蛋白酶
WGAILLDTF,0.827747,木瓜蛋白酶
TGLPF,0.82751,木瓜蛋白酶
KFNMPPGVM,0.827351,木瓜蛋白酶
WMQLGAFYPFSR,0.827212,胰蛋白酶
FIDGQF,0.827082,胃蛋白酶
APEFPHPIPQFV,0.827026,木瓜、风味蛋白酶
FDPDMGLWLPVGK,0.827013,胰蛋白酶
GGELPF,0.826628,碱蛋白酶
ATRDPSFFRL,0.82661,胃蛋白酶
EPPIF,0.826534,风味蛋白酶
LFGIP,0.826444,风味蛋白酶
TRDPSFFRL,0.826397,胃、碱蛋白酶
LPFSL,0.826207,胃蛋白酶
FALPHAILRL,0.825903,胃蛋白酶
ALFQPSFL,0.825839,碱、木瓜蛋白酶
NILRLPF,0.825724,木瓜蛋白酶
LIFPY,0.825598,碱蛋白酶
GFPFDRPIPD,0.825589,风味蛋白酶
YWDHPIRDGF,0.825548,胃蛋白酶
WWKDSYGYHL,0.825473,胃蛋白酶
SLFQPSF,0.825388,胃、木瓜蛋白酶
PGISPFDL,0.824642,胃蛋白酶
GYYFDR,0.82452,碱蛋白酶
LPPIP,0.824097,风味蛋白酶
KIWYHTF,0.824058,胃蛋白酶
APFRPHFPKPT,0.824003,木瓜蛋白酶
PLPPIPPT,0.823654,胃蛋白酶
NPFDPPD,0.823581,风味蛋白酶
HYLFY,0.823575,胃蛋白酶
PGISPFDLGA,0.823304,胃蛋白酶
IPFIG,0.823211,木瓜、风味蛋白酶
GIPPLLANIGR,0.823197,木瓜蛋白酶
PGPPGI,0.82304,木瓜蛋白酶
PEFPHPIPDFV,0.823029,胃蛋白酶
PSIWAPVG,0.823021,木瓜蛋白酶
ISPFDLG,0.822272,木瓜蛋白酶
FLGPLK,0.822178,木瓜蛋白酶
PIFTFLK,0.822011,胰蛋白酶
IDFGL,0.821896,胃、碱蛋白酶
NMDLFR,0.8214,木瓜蛋白酶
YPRIHF,0.821151,胃蛋白酶
MPGALP,0.821106,风味蛋白酶
KGENFFWV,0.820583,胰蛋白酶
YWDHPIR,0.820168,木瓜蛋白酶
LPGASKFFK,0.820102,木瓜蛋白酶
FPHPIPQ,0.819183,碱、木瓜、风味蛋白酶
PISGF,0.818735,碱、风味蛋白酶
FPGAFKT,0.818724,风味蛋白酶
FPETW,0.818621,风味蛋白酶
EFALF,0.818264,胃蛋白酶
AAEFNFR,0.818131,胰蛋白酶
SVNFPVHGLRF,0.818105,胃蛋白酶
SDDFDPL,0.817966,碱蛋白酶
LPFQRL,0.81796,风味蛋白酶
FDGAL,0.817814,碱蛋白酶
YWPVGR,0.817406,木瓜蛋白酶
SHHDRLGFL,0.817327,碱蛋白酶
FWLDV,0.816704,胃蛋白酶
TIQFF,0.815645,胃蛋白酶
IGGVPDLPLM,0.815432,胃蛋白酶
LPIPL,0.815267,风味蛋白酶
AYSLF,0.815203,胃蛋白酶
TAPFP,0.815156,风味蛋白酶
PGDPGP,0.815134,风味蛋白酶
PFDRPIPDL,0.814842,胃蛋白酶
PDIPYTGIF,0.814596,胃蛋白酶
FPHPIPDFVLE,0.814474,碱、木瓜蛋白酶
AWLPA,0.814355,木瓜蛋白酶
TFFSTF,0.814336,胰蛋白酶
FLLPI,0.813939,碱蛋白酶
WALYY,0.813798,木瓜蛋白酶
RYILF,0.813697,碱蛋白酶
FDTFEF,0.813382,胃、碱、木瓜、风味蛋白酶
LPPIL,0.813376,木瓜、风味蛋白酶
FIRDPL,0.8133,胃蛋白酶
YLFGPLK,0.813271,胰、木瓜蛋白酶
KPGPPIGP,0.81326,风味蛋白酶
APEFPHPIPDFV,0.812983,木瓜、风味蛋白酶
EFPHPIPDFV,0.812957,木瓜蛋白酶
FPQLI,0.812923,木瓜蛋白酶
AGPILPR,0.812894,木瓜蛋白酶
QAHFGL,0.812808,胃蛋白酶
TLFPSPFP,0.812735,胰蛋白酶
KGELFFWAH,0.812481,木瓜蛋白酶
GPPGKPGIPDIVDW,0.812133,碱蛋白酶
LPFTIHF,0.812049,胃、风味蛋白酶
GIPPAP,0.81166,风味蛋白酶
VPGSPF,0.810546,风味蛋白酶
FDRPIPDLR,0.810211,木瓜蛋白酶
LPWLQ,0.810135,风味蛋白酶
LFGPLK,0.809843,木瓜蛋白酶
GPRGPIL,0.809799,风味蛋白酶
RPDPPRLPK,0.8096,风味蛋白酶
DFGGR,0.809334,风味蛋白酶
WFKNGIR,0.809111,碱蛋白酶
GAPGP,0.808067,风味蛋白酶
PHGKFDMPPGVM,0.807447,胃蛋白酶
FSPVP,0.807374,风味蛋白酶
FDPII,0.807335,碱蛋白酶
LEQHHWFSLFN,0.80718,胃蛋白酶
FLLPIGRL,0.806254,碱蛋白酶
VPDPPGRP,0.805604,风味蛋白酶
GFALPHAILR,0.805562,木瓜蛋白酶
LFQPSFLG,0.805493,胃蛋白酶
KGENFFWVH,0.805455,胰蛋白酶
ATRDPAFF,0.803942,碱蛋白酶
FDFGYV,0.803628,碱蛋白酶
IPGGL,0.803326,木瓜、风味蛋白酶
FNSHNYPFT,0.80242,胃蛋白酶
ILIFL,0.802197,胃蛋白酶
PVHGLRF,0.801797,胃蛋白酶
ALFQPSF,0.801148,胃、木瓜蛋白酶
FLINPL,0.800332,碱蛋白酶
SPPVILNEFLGPA,0.800205,碱蛋白酶
PVASIFAWTR,0.800173,木瓜蛋白酶
